N,Freq_pct,P_Down,P_Up,Edge_pp,CI_lo,CI_hi,p_val,Sig,Direction,Verdict,Level,Signal
311,42.1,61.1,38.9,6.4,55.6,66.3,0.0129,*,DOWN,RELIABLE,1,Gap Up
65,8.8,56.9,43.1,2.3,44.8,68.2,0.4065,ns,DOWN,WEAK/SPARSE,1,Gap Up Strong
160,21.7,42.5,57.5,-12.2,35.1,50.2,0.0013,**,UP,RELIABLE,1,Gap Down
405,54.8,57.3,42.7,2.6,52.4,62.0,0.1569,ns,DOWN,WEAK/SPARSE,1,Prev India UP
333,45.1,51.7,48.3,-3.0,46.3,57.0,0.1467,ns,UP,WEAK/SPARSE,1,Prev India DOWN
393,53.2,58.0,42.0,3.3,53.1,62.8,0.0997,ns,DOWN,SUGGESTIVE,1,US UP
318,43.0,51.3,48.7,-3.4,45.8,56.7,0.122,ns,UP,WEAK/SPARSE,1,US DOWN
389,52.6,59.4,40.6,4.7,54.4,64.1,0.0343,*,DOWN,RELIABLE,1,SGX UP
321,43.4,49.2,50.8,-5.4,43.8,54.7,0.0286,*,UP,RELIABLE,1,SGX DOWN
384,52.0,59.6,40.4,5.0,54.7,64.4,0.0281,*,DOWN,RELIABLE,1,DAX UP
197,26.7,53.3,46.7,-1.4,46.3,60.1,0.3759,ns,UP,WEAK/SPARSE,1,VIX Rising
211,28.6,62.1,37.9,7.4,55.4,68.4,0.0176,*,DOWN,RELIABLE,1,VIX Falling
63,8.5,55.6,44.4,0.9,43.3,67.2,0.4956,ns,DOWN,WEAK/SPARSE,1,VIX Spike
65,8.8,56.9,43.1,2.3,44.8,68.2,0.4065,ns,DOWN,WEAK/SPARSE,2,Gap Up + Gap Up Strong
196,26.5,60.7,39.3,6.0,53.7,67.3,0.0512,ns,DOWN,SUGGESTIVE,2,Gap Up + Prev India UP
115,15.6,61.7,38.3,7.1,52.6,70.1,0.0758,ns,DOWN,SUGGESTIVE,2,Gap Up + Prev India DOWN
229,31.0,62.9,37.1,8.2,56.5,68.9,0.0072,**,DOWN,RELIABLE,2,Gap Up + US UP
74,10.0,58.1,41.9,3.4,46.7,68.7,0.3176,ns,DOWN,WEAK/SPARSE,2,Gap Up + US DOWN
210,28.4,66.2,33.8,11.5,59.6,72.2,0.0005,***,DOWN,RELIABLE,2,Gap Up + SGX UP
91,12.3,50.5,49.5,-4.1,40.5,60.6,0.2465,ns,UP,WEAK/SPARSE,2,Gap Up + SGX DOWN
195,26.4,66.2,33.8,11.5,59.3,72.4,0.0007,***,DOWN,RELIABLE,2,Gap Up + DAX UP
37,5.0,64.9,35.1,10.2,48.8,78.2,0.1396,ns,DOWN,WEAK/SPARSE,2,Gap Up + VIX Rising
143,19.4,65.7,34.3,11.1,57.6,73.0,0.0047,**,DOWN,RELIABLE,2,Gap Up + VIX Falling
37,5.0,56.8,43.2,2.1,40.9,71.3,0.4663,ns,DOWN,WEAK/SPARSE,2,Gap Up Strong + Prev India UP
28,3.8,57.1,42.9,2.5,39.1,73.5,0.4733,ns,DOWN,WEAK/SPARSE,2,Gap Up Strong + Prev India DOWN
52,7.0,63.5,36.5,8.8,49.9,75.2,0.1279,ns,DOWN,WEAK/SPARSE,2,Gap Up Strong + US UP
12,1.6,33.3,66.7,-21.3,13.8,60.9,0.1163,ns,UP,WEAK/SPARSE,2,Gap Up Strong + US DOWN
43,5.8,67.4,32.6,12.8,52.5,79.5,0.0618,ns,DOWN,SUGGESTIVE,2,Gap Up Strong + SGX UP
21,2.8,38.1,61.9,-16.6,20.8,59.1,0.0959,ns,UP,SUGGESTIVE,2,Gap Up Strong + SGX DOWN
42,5.7,66.7,33.3,12.0,51.6,79.0,0.0786,ns,DOWN,SUGGESTIVE,2,Gap Up Strong + DAX UP
39,5.3,61.5,38.5,6.9,45.9,75.1,0.2427,ns,DOWN,WEAK/SPARSE,2,Gap Up Strong + VIX Falling
60,8.1,45.0,55.0,-9.7,33.1,57.5,0.0849,ns,UP,SUGGESTIVE,2,Gap Down + Prev India UP
99,13.4,41.4,58.6,-13.3,32.2,51.3,0.0055,**,UP,RELIABLE,2,Gap Down + Prev India DOWN
42,5.7,23.8,76.2,-30.9,13.5,38.5,0.0,***,UP,RELIABLE,2,Gap Down + US UP
115,15.6,49.6,50.4,-5.1,40.6,58.6,0.1573,ns,UP,WEAK/SPARSE,2,Gap Down + US DOWN
41,5.5,34.1,65.9,-20.5,21.6,49.5,0.0065,**,UP,RELIABLE,2,Gap Down + SGX UP
114,15.4,45.6,54.4,-9.1,36.8,54.8,0.0326,*,UP,RELIABLE,2,Gap Down + SGX DOWN
57,7.7,40.4,59.6,-14.3,28.6,53.3,0.0209,*,UP,RELIABLE,2,Gap Down + DAX UP
89,12.0,46.1,53.9,-8.6,36.1,56.4,0.0641,ns,UP,SUGGESTIVE,2,Gap Down + VIX Rising
18,2.4,38.9,61.1,-15.8,20.3,61.4,0.1341,ns,UP,WEAK/SPARSE,2,Gap Down + VIX Falling
40,5.4,47.5,52.5,-7.2,32.9,62.5,0.2256,ns,UP,WEAK/SPARSE,2,Gap Down + VIX Spike
231,31.3,60.6,39.4,5.9,54.2,66.7,0.0399,*,DOWN,RELIABLE,2,Prev India UP + US UP
156,21.1,54.5,45.5,-0.2,46.7,62.1,0.5129,ns,UP,WEAK/SPARSE,2,Prev India UP + US DOWN
238,32.2,60.1,39.9,5.4,53.7,66.1,0.0529,ns,DOWN,SUGGESTIVE,2,Prev India UP + SGX UP
149,20.2,54.4,45.6,-0.3,46.4,62.2,0.5019,ns,UP,WEAK/SPARSE,2,Prev India UP + SGX DOWN
229,31.0,62.0,38.0,7.3,55.6,68.0,0.0148,*,DOWN,RELIABLE,2,Prev India UP + DAX UP
87,11.8,56.3,43.7,1.7,45.9,66.3,0.4213,ns,DOWN,WEAK/SPARSE,2,Prev India UP + VIX Rising
123,16.6,65.0,35.0,10.4,56.3,72.9,0.0126,*,DOWN,RELIABLE,2,Prev India UP + VIX Falling
24,3.2,58.3,41.7,3.7,38.8,75.5,0.4409,ns,DOWN,WEAK/SPARSE,2,Prev India UP + VIX Spike
162,21.9,54.3,45.7,-0.3,46.6,61.8,0.4951,ns,UP,WEAK/SPARSE,2,Prev India DOWN + US UP
161,21.8,48.4,51.6,-6.2,40.9,56.1,0.0662,ns,UP,SUGGESTIVE,2,Prev India DOWN + US DOWN
151,20.4,58.3,41.7,3.6,50.3,65.8,0.2095,ns,DOWN,WEAK/SPARSE,2,Prev India DOWN + SGX UP
171,23.1,45.0,55.0,-9.6,37.8,52.5,0.0072,**,UP,RELIABLE,2,Prev India DOWN + SGX DOWN
154,20.8,56.5,43.5,1.8,48.6,64.1,0.3551,ns,DOWN,WEAK/SPARSE,2,Prev India DOWN + DAX UP
110,14.9,50.9,49.1,-3.8,41.7,60.1,0.2427,ns,UP,WEAK/SPARSE,2,Prev India DOWN + VIX Rising
88,11.9,58.0,42.0,3.3,47.5,67.7,0.3053,ns,DOWN,WEAK/SPARSE,2,Prev India DOWN + VIX Falling
39,5.3,53.8,46.2,-0.8,38.6,68.4,0.5209,ns,UP,WEAK/SPARSE,2,Prev India DOWN + VIX Spike
300,40.6,62.0,38.0,7.3,56.4,67.3,0.0061,**,DOWN,RELIABLE,2,US UP + SGX UP
91,12.3,45.1,54.9,-9.6,35.2,55.3,0.0415,*,UP,RELIABLE,2,US UP + SGX DOWN
261,35.3,60.9,39.1,6.3,54.9,66.6,0.0242,*,DOWN,RELIABLE,2,US UP + DAX UP
22,3.0,59.1,40.9,4.4,38.7,76.7,0.4226,ns,DOWN,WEAK/SPARSE,2,US UP + VIX Rising
191,25.8,62.3,37.7,7.6,55.3,68.9,0.0198,*,DOWN,RELIABLE,2,US UP + VIX Falling
89,12.0,50.6,49.4,-4.1,40.4,60.7,0.2504,ns,UP,WEAK/SPARSE,2,US DOWN + SGX UP
227,30.7,51.1,48.9,-3.6,44.6,57.5,0.1556,ns,UP,WEAK/SPARSE,2,US DOWN + SGX DOWN
113,15.3,56.6,43.4,2.0,47.4,65.4,0.3733,ns,DOWN,WEAK/SPARSE,2,US DOWN + DAX UP
175,23.7,52.6,47.4,-2.1,45.2,59.8,0.3146,ns,UP,WEAK/SPARSE,2,US DOWN + VIX Rising
20,2.7,60.0,40.0,5.3,38.7,78.1,0.4026,ns,DOWN,WEAK/SPARSE,2,US DOWN + VIX Falling
63,8.5,55.6,44.4,0.9,43.3,67.2,0.4956,ns,DOWN,WEAK/SPARSE,2,US DOWN + VIX Spike
253,34.2,62.1,37.9,7.4,55.9,67.8,0.0105,*,DOWN,RELIABLE,2,SGX UP + DAX UP
47,6.4,63.8,36.2,9.2,49.5,76.0,0.1321,ns,DOWN,WEAK/SPARSE,2,SGX UP + VIX Rising
177,24.0,63.8,36.2,9.2,56.5,70.6,0.0084,**,DOWN,RELIABLE,2,SGX UP + VIX Falling
120,16.2,54.2,45.8,-0.5,45.3,62.8,0.4914,ns,UP,WEAK/SPARSE,2,SGX DOWN + DAX UP
148,20.0,49.3,50.7,-5.3,41.4,57.3,0.1108,ns,UP,WEAK/SPARSE,2,SGX DOWN + VIX Rising
32,4.3,53.1,46.9,-1.5,36.4,69.1,0.4986,ns,UP,WEAK/SPARSE,2,SGX DOWN + VIX Falling
57,7.7,56.1,43.9,1.5,43.3,68.2,0.4658,ns,DOWN,WEAK/SPARSE,2,SGX DOWN + VIX Spike
63,8.5,63.5,36.5,8.8,51.1,74.3,0.0996,ns,DOWN,SUGGESTIVE,2,DAX UP + VIX Rising
157,21.2,64.3,35.7,9.7,56.6,71.4,0.0089,**,DOWN,RELIABLE,2,DAX UP + VIX Falling
13,1.8,46.2,53.8,-8.5,23.2,70.9,0.3654,ns,UP,WEAK/SPARSE,2,DAX UP + VIX Spike
63,8.5,55.6,44.4,0.9,43.3,67.2,0.4956,ns,DOWN,WEAK/SPARSE,2,VIX Rising + VIX Spike
37,5.0,56.8,43.2,2.1,40.9,71.3,0.4663,ns,DOWN,WEAK/SPARSE,3,Gap Up + Gap Up Strong + Prev India UP
28,3.8,57.1,42.9,2.5,39.1,73.5,0.4733,ns,DOWN,WEAK/SPARSE,3,Gap Up + Gap Up Strong + Prev India DOWN
52,7.0,63.5,36.5,8.8,49.9,75.2,0.1279,ns,DOWN,WEAK/SPARSE,3,Gap Up + Gap Up Strong + US UP
12,1.6,33.3,66.7,-21.3,13.8,60.9,0.1163,ns,UP,WEAK/SPARSE,3,Gap Up + Gap Up Strong + US DOWN
43,5.8,67.4,32.6,12.8,52.5,79.5,0.0618,ns,DOWN,SUGGESTIVE,3,Gap Up + Gap Up Strong + SGX UP
21,2.8,38.1,61.9,-16.6,20.8,59.1,0.0959,ns,UP,SUGGESTIVE,3,Gap Up + Gap Up Strong + SGX DOWN
42,5.7,66.7,33.3,12.0,51.6,79.0,0.0786,ns,DOWN,SUGGESTIVE,3,Gap Up + Gap Up Strong + DAX UP
39,5.3,61.5,38.5,6.9,45.9,75.1,0.2427,ns,DOWN,WEAK/SPARSE,3,Gap Up + Gap Up Strong + VIX Falling
145,19.6,60.7,39.3,6.0,52.6,68.3,0.0844,ns,DOWN,SUGGESTIVE,3,Gap Up + Prev India UP + US UP
46,6.2,65.2,34.8,10.5,50.8,77.3,0.0979,ns,DOWN,SUGGESTIVE,3,Gap Up + Prev India UP + US DOWN
137,18.5,62.8,37.2,8.1,54.4,70.4,0.0337,*,DOWN,RELIABLE,3,Gap Up + Prev India UP + SGX UP
53,7.2,58.5,41.5,3.8,45.1,70.7,0.3384,ns,DOWN,WEAK/SPARSE,3,Gap Up + Prev India UP + SGX DOWN
125,16.9,66.4,33.6,11.7,57.7,74.1,0.0051,**,DOWN,RELIABLE,3,Gap Up + Prev India UP + DAX UP
22,3.0,72.7,27.3,18.1,51.8,86.8,0.0664,ns,DOWN,SUGGESTIVE,3,Gap Up + Prev India UP + VIX Rising
92,12.4,65.2,34.8,10.5,55.1,74.2,0.0261,*,DOWN,RELIABLE,3,Gap Up + Prev India UP + VIX Falling
84,11.4,66.7,33.3,12.0,56.1,75.8,0.0171,*,DOWN,RELIABLE,3,Gap Up + Prev India DOWN + US UP
28,3.8,46.4,53.6,-8.2,29.5,64.2,0.2457,ns,UP,WEAK/SPARSE,3,Gap Up + Prev India DOWN + US DOWN
73,9.9,72.6,27.4,17.9,61.4,81.5,0.0013,**,DOWN,RELIABLE,3,Gap Up + Prev India DOWN + SGX UP
38,5.1,39.5,60.5,-15.2,25.6,55.3,0.0431,*,UP,SUGGESTIVE,3,Gap Up + Prev India DOWN + SGX DOWN
70,9.5,65.7,34.3,11.0,54.0,75.8,0.0402,*,DOWN,RELIABLE,3,Gap Up + Prev India DOWN + DAX UP
15,2.0,53.3,46.7,-1.3,30.1,75.2,0.5582,ns,UP,WEAK/SPARSE,3,Gap Up + Prev India DOWN + VIX Rising
51,6.9,66.7,33.3,12.0,53.0,78.0,0.0558,ns,DOWN,SUGGESTIVE,3,Gap Up + Prev India DOWN + VIX Falling
184,24.9,67.4,32.6,12.7,60.3,73.7,0.0003,***,DOWN,RELIABLE,3,Gap Up + US UP + SGX UP
44,6.0,43.2,56.8,-11.5,29.7,57.8,0.0842,ns,UP,SUGGESTIVE,3,Gap Up + US UP + SGX DOWN
163,22.1,65.6,34.4,11.0,58.1,72.5,0.0029,**,DOWN,RELIABLE,3,Gap Up + US UP + DAX UP
133,18.0,64.7,35.3,10.0,56.2,72.3,0.0124,*,DOWN,RELIABLE,3,Gap Up + US UP + VIX Falling
26,3.5,57.7,42.3,3.0,38.9,74.5,0.4577,ns,DOWN,WEAK/SPARSE,3,Gap Up + US DOWN + SGX UP
47,6.4,57.4,42.6,2.8,43.3,70.5,0.4085,ns,DOWN,WEAK/SPARSE,3,Gap Up + US DOWN + SGX DOWN
30,4.1,66.7,33.3,12.0,48.8,80.8,0.1273,ns,DOWN,WEAK/SPARSE,3,Gap Up + US DOWN + DAX UP
30,4.1,63.3,36.7,8.7,45.5,78.1,0.2217,ns,DOWN,WEAK/SPARSE,3,Gap Up + US DOWN + VIX Rising
10,1.4,80.0,20.0,25.3,49.0,94.3,0.0959,ns,DOWN,WEAK/SPARSE,3,Gap Up + US DOWN + VIX Falling
154,20.8,68.2,31.8,13.5,60.5,75.0,0.0004,***,DOWN,RELIABLE,3,Gap Up + SGX UP + DAX UP
12,1.6,75.0,25.0,20.3,46.8,91.1,0.1295,ns,DOWN,WEAK/SPARSE,3,Gap Up + SGX UP + VIX Rising
126,17.1,68.3,31.7,13.6,59.7,75.7,0.0013,**,DOWN,RELIABLE,3,Gap Up + SGX UP + VIX Falling
38,5.1,55.3,44.7,0.6,39.7,69.9,0.5375,ns,DOWN,WEAK/SPARSE,3,Gap Up + SGX DOWN + DAX UP
24,3.2,58.3,41.7,3.7,38.8,75.5,0.4409,ns,DOWN,WEAK/SPARSE,3,Gap Up + SGX DOWN + VIX Rising
16,2.2,43.8,56.2,-10.9,23.1,66.8,0.2647,ns,UP,WEAK/SPARSE,3,Gap Up + SGX DOWN + VIX Falling
15,2.0,86.7,13.3,32.0,62.1,96.3,0.01,**,DOWN,WEAK/SPARSE,3,Gap Up + DAX UP + VIX Rising
111,15.0,68.5,31.5,13.8,59.3,76.4,0.0021,**,DOWN,RELIABLE,3,Gap Up + DAX UP + VIX Falling
30,4.1,60.0,40.0,5.3,42.3,75.4,0.3456,ns,DOWN,WEAK/SPARSE,3,Gap Up Strong + Prev India UP + US UP
24,3.2,62.5,37.5,7.8,42.7,78.8,0.2878,ns,DOWN,WEAK/SPARSE,3,Gap Up Strong + Prev India UP + SGX UP
12,1.6,50.0,50.0,-4.7,25.4,74.6,0.4825,ns,UP,WEAK/SPARSE,3,Gap Up Strong + Prev India UP + SGX DOWN
25,3.4,68.0,32.0,13.3,48.4,82.8,0.1269,ns,DOWN,WEAK/SPARSE,3,Gap Up Strong + Prev India UP + DAX UP
22,3.0,63.6,36.4,9.0,43.0,80.3,0.266,ns,DOWN,WEAK/SPARSE,3,Gap Up Strong + Prev India UP + VIX Falling
22,3.0,68.2,31.8,13.5,47.3,83.6,0.1445,ns,DOWN,WEAK/SPARSE,3,Gap Up Strong + Prev India DOWN + US UP
19,2.6,73.7,26.3,19.0,51.2,88.2,0.0736,ns,DOWN,WEAK/SPARSE,3,Gap Up Strong + Prev India DOWN + SGX UP
17,2.3,64.7,35.3,10.0,41.3,82.7,0.2808,ns,DOWN,WEAK/SPARSE,3,Gap Up Strong + Prev India DOWN + DAX UP
17,2.3,58.8,41.2,4.2,36.0,78.4,0.4632,ns,DOWN,WEAK/SPARSE,3,Gap Up Strong + Prev India DOWN + VIX Falling
41,5.5,68.3,31.7,13.6,53.0,80.4,0.0539,ns,DOWN,SUGGESTIVE,3,Gap Up Strong + US UP + SGX UP
11,1.5,45.5,54.5,-9.2,21.3,72.0,0.3754,ns,UP,WEAK/SPARSE,3,Gap Up Strong + US UP + SGX DOWN
39,5.3,69.2,30.8,14.6,53.6,81.4,0.0463,*,DOWN,SUGGESTIVE,3,Gap Up Strong + US UP + DAX UP
39,5.3,61.5,38.5,6.9,45.9,75.1,0.2427,ns,DOWN,WEAK/SPARSE,3,Gap Up Strong + US UP + VIX Falling
10,1.4,30.0,70.0,-24.7,10.8,60.3,0.1059,ns,UP,WEAK/SPARSE,3,Gap Up Strong + US DOWN + SGX DOWN
34,4.6,70.6,29.4,15.9,53.8,83.2,0.0435,*,DOWN,SUGGESTIVE,3,Gap Up Strong + SGX UP + DAX UP
35,4.7,65.7,34.3,11.0,49.2,79.2,0.126,ns,DOWN,WEAK/SPARSE,3,Gap Up Strong + SGX UP + VIX Falling
31,4.2,67.7,32.3,13.1,50.1,81.4,0.0989,ns,DOWN,SUGGESTIVE,3,Gap Up Strong + DAX UP + VIX Falling
18,2.4,38.9,61.1,-15.8,20.3,61.4,0.1341,ns,UP,WEAK/SPARSE,3,Gap Down + Prev India UP + US UP
39,5.3,48.7,51.3,-6.0,33.9,63.8,0.2782,ns,UP,WEAK/SPARSE,3,Gap Down + Prev India UP + US DOWN
22,3.0,40.9,59.1,-13.8,23.3,61.3,0.1397,ns,UP,WEAK/SPARSE,3,Gap Down + Prev India UP + SGX UP
35,4.7,48.6,51.4,-6.1,33.0,64.4,0.2886,ns,UP,WEAK/SPARSE,3,Gap Down + Prev India UP + SGX DOWN
27,3.7,40.7,59.3,-13.9,24.5,59.3,0.104,ns,UP,WEAK/SPARSE,3,Gap Down + Prev India UP + DAX UP
30,4.1,46.7,53.3,-8.0,30.2,63.9,0.2423,ns,UP,WEAK/SPARSE,3,Gap Down + Prev India UP + VIX Rising
17,2.3,47.1,52.9,-7.6,26.2,69.0,0.3477,ns,UP,WEAK/SPARSE,3,Gap Down + Prev India UP + VIX Spike
24,3.2,12.5,87.5,-42.2,4.3,31.0,0.0,***,UP,SUGGESTIVE,3,Gap Down + Prev India DOWN + US UP
75,10.1,50.7,49.3,-4.0,39.6,61.7,0.2802,ns,UP,WEAK/SPARSE,3,Gap Down + Prev India DOWN + US DOWN
19,2.6,26.3,73.7,-28.4,11.8,48.8,0.0118,*,UP,WEAK/SPARSE,3,Gap Down + Prev India DOWN + SGX UP
78,10.6,44.9,55.1,-9.8,34.3,55.9,0.0525,ns,UP,SUGGESTIVE,3,Gap Down + Prev India DOWN + SGX DOWN
29,3.9,41.4,58.6,-13.3,25.5,59.3,0.1057,ns,UP,WEAK/SPARSE,3,Gap Down + Prev India DOWN + DAX UP
59,8.0,45.8,54.2,-8.9,33.7,58.3,0.1071,ns,UP,WEAK/SPARSE,3,Gap Down + Prev India DOWN + VIX Rising
10,1.4,30.0,70.0,-24.7,10.8,60.3,0.1059,ns,UP,WEAK/SPARSE,3,Gap Down + Prev India DOWN + VIX Falling
23,3.1,47.8,52.2,-6.8,29.2,67.0,0.325,ns,UP,WEAK/SPARSE,3,Gap Down + Prev India DOWN + VIX Spike
24,3.2,20.8,79.2,-33.8,9.2,40.5,0.0008,***,UP,SUGGESTIVE,3,Gap Down + US UP + SGX UP
17,2.3,29.4,70.6,-25.3,13.3,53.1,0.032,*,UP,WEAK/SPARSE,3,Gap Down + US UP + SGX DOWN
22,3.0,22.7,77.3,-31.9,10.1,43.4,0.0024,**,UP,SUGGESTIVE,3,Gap Down + US UP + DAX UP
14,1.9,28.6,71.4,-26.1,11.7,54.6,0.045,*,UP,WEAK/SPARSE,3,Gap Down + US UP + VIX Falling
17,2.3,52.9,47.1,-1.7,31.0,73.8,0.5368,ns,UP,WEAK/SPARSE,3,Gap Down + US DOWN + SGX UP
97,13.1,48.5,51.5,-6.2,38.8,58.3,0.1299,ns,UP,WEAK/SPARSE,3,Gap Down + US DOWN + SGX DOWN
33,4.5,51.5,48.5,-3.2,35.2,67.5,0.4231,ns,UP,WEAK/SPARSE,3,Gap Down + US DOWN + DAX UP
85,11.5,47.1,52.9,-7.6,36.8,57.6,0.097,ns,UP,SUGGESTIVE,3,Gap Down + US DOWN + VIX Rising
40,5.4,47.5,52.5,-7.2,32.9,62.5,0.2256,ns,UP,WEAK/SPARSE,3,Gap Down + US DOWN + VIX Spike
24,3.2,29.2,70.8,-25.5,14.9,49.2,0.0104,*,UP,SUGGESTIVE,3,Gap Down + SGX UP + DAX UP
13,1.8,30.8,69.2,-23.9,12.7,57.6,0.0732,ns,UP,WEAK/SPARSE,3,Gap Down + SGX UP + VIX Rising
10,1.4,40.0,60.0,-14.7,16.8,68.7,0.2687,ns,UP,WEAK/SPARSE,3,Gap Down + SGX UP + VIX Falling
30,4.1,50.0,50.0,-4.7,33.2,66.8,0.369,ns,UP,WEAK/SPARSE,3,Gap Down + SGX DOWN + DAX UP
75,10.1,48.0,52.0,-6.7,37.1,59.1,0.1483,ns,UP,WEAK/SPARSE,3,Gap Down + SGX DOWN + VIX Rising
36,4.9,50.0,50.0,-4.7,34.5,65.5,0.345,ns,UP,WEAK/SPARSE,3,Gap Down + SGX DOWN + VIX Spike
22,3.0,45.5,54.5,-9.2,26.9,65.3,0.2558,ns,UP,WEAK/SPARSE,3,Gap Down + DAX UP + VIX Rising
14,1.9,28.6,71.4,-26.1,11.7,54.6,0.045,*,UP,WEAK/SPARSE,3,Gap Down + DAX UP + VIX Falling
40,5.4,47.5,52.5,-7.2,32.9,62.5,0.2256,ns,UP,WEAK/SPARSE,3,Gap Down + VIX Rising + VIX Spike
184,24.9,60.9,39.1,6.2,53.7,67.6,0.0525,ns,DOWN,SUGGESTIVE,3,Prev India UP + US UP + SGX UP
46,6.2,58.7,41.3,4.0,44.3,71.7,0.346,ns,DOWN,WEAK/SPARSE,3,Prev India UP + US UP + SGX DOWN
157,21.2,61.1,38.9,6.5,53.3,68.4,0.06,ns,DOWN,SUGGESTIVE,3,Prev India UP + US UP + DAX UP
111,15.0,64.9,35.1,10.2,55.6,73.1,0.0189,*,DOWN,RELIABLE,3,Prev India UP + US UP + VIX Falling
54,7.3,57.4,42.6,2.7,44.2,69.7,0.3962,ns,DOWN,WEAK/SPARSE,3,Prev India UP + US DOWN + SGX UP
102,13.8,52.9,47.1,-1.7,43.3,62.3,0.3999,ns,UP,WEAK/SPARSE,3,Prev India UP + US DOWN + SGX DOWN
65,8.8,63.1,36.9,8.4,50.9,73.8,0.1075,ns,DOWN,WEAK/SPARSE,3,Prev India UP + US DOWN + DAX UP
78,10.6,53.8,46.2,-0.8,42.9,64.5,0.4858,ns,UP,WEAK/SPARSE,3,Prev India UP + US DOWN + VIX Rising
12,1.6,66.7,33.3,12.0,39.1,86.2,0.2963,ns,DOWN,WEAK/SPARSE,3,Prev India UP + US DOWN + VIX Falling
24,3.2,58.3,41.7,3.7,38.8,75.5,0.4409,ns,DOWN,WEAK/SPARSE,3,Prev India UP + US DOWN + VIX Spike
156,21.1,62.2,37.8,7.5,54.4,69.4,0.035,*,DOWN,RELIABLE,3,Prev India UP + SGX UP + DAX UP
24,3.2,70.8,29.2,16.2,50.8,85.1,0.0813,ns,DOWN,SUGGESTIVE,3,Prev India UP + SGX UP + VIX Rising
108,14.6,65.7,34.3,11.1,56.4,74.0,0.0127,*,DOWN,RELIABLE,3,Prev India UP + SGX UP + VIX Falling
65,8.8,60.0,40.0,5.3,47.9,71.0,0.2307,ns,DOWN,WEAK/SPARSE,3,Prev India UP + SGX DOWN + DAX UP
63,8.5,50.8,49.2,-3.9,38.8,62.7,0.3107,ns,UP,WEAK/SPARSE,3,Prev India UP + SGX DOWN + VIX Rising
14,1.9,57.1,42.9,2.5,32.6,78.6,0.536,ns,DOWN,WEAK/SPARSE,3,Prev India UP + SGX DOWN + VIX Falling
19,2.6,63.2,36.8,8.5,41.0,80.9,0.3066,ns,DOWN,WEAK/SPARSE,3,Prev India UP + SGX DOWN + VIX Spike
36,4.9,66.7,33.3,12.0,50.3,79.8,0.0996,ns,DOWN,SUGGESTIVE,3,Prev India UP + DAX UP + VIX Rising
93,12.6,65.6,34.4,10.9,55.5,74.5,0.0213,*,DOWN,RELIABLE,3,Prev India UP + DAX UP + VIX Falling
24,3.2,58.3,41.7,3.7,38.8,75.5,0.4409,ns,DOWN,WEAK/SPARSE,3,Prev India UP + VIX Rising + VIX Spike
116,15.7,63.8,36.2,9.1,54.7,72.0,0.0292,*,DOWN,RELIABLE,3,Prev India DOWN + US UP + SGX UP
45,6.1,31.1,68.9,-23.6,19.5,45.7,0.0012,**,UP,RELIABLE,3,Prev India DOWN + US UP + SGX DOWN
104,14.1,60.6,39.4,5.9,51.0,69.4,0.1329,ns,DOWN,WEAK/SPARSE,3,Prev India DOWN + US UP + DAX UP
13,1.8,46.2,53.8,-8.5,23.2,70.9,0.3654,ns,UP,WEAK/SPARSE,3,Prev India DOWN + US UP + VIX Rising
80,10.8,58.8,41.2,4.1,47.8,68.9,0.2681,ns,DOWN,WEAK/SPARSE,3,Prev India DOWN + US UP + VIX Falling
35,4.7,40.0,60.0,-14.7,25.6,56.4,0.0581,ns,UP,SUGGESTIVE,3,Prev India DOWN + US DOWN + SGX UP
124,16.8,50.0,50.0,-4.7,41.3,58.7,0.17,ns,UP,WEAK/SPARSE,3,Prev India DOWN + US DOWN + SGX DOWN
47,6.4,48.9,51.1,-5.7,35.3,62.8,0.2595,ns,UP,WEAK/SPARSE,3,Prev India DOWN + US DOWN + DAX UP
97,13.1,51.5,48.5,-3.1,41.7,61.2,0.3023,ns,UP,WEAK/SPARSE,3,Prev India DOWN + US DOWN + VIX Rising
39,5.3,53.8,46.2,-0.8,38.6,68.4,0.5209,ns,UP,WEAK/SPARSE,3,Prev India DOWN + US DOWN + VIX Spike
97,13.1,61.9,38.1,7.2,51.9,70.9,0.0929,ns,DOWN,SUGGESTIVE,3,Prev India DOWN + SGX UP + DAX UP
23,3.1,56.5,43.5,1.9,36.8,74.4,0.5149,ns,DOWN,WEAK/SPARSE,3,Prev India DOWN + SGX UP + VIX Rising
69,9.3,60.9,39.1,6.2,49.1,71.5,0.1806,ns,DOWN,WEAK/SPARSE,3,Prev India DOWN + SGX UP + VIX Falling
54,7.3,48.1,51.9,-6.5,35.4,61.1,0.2042,ns,UP,WEAK/SPARSE,3,Prev India DOWN + SGX DOWN + DAX UP
85,11.5,48.2,51.8,-6.4,37.9,58.7,0.1396,ns,UP,WEAK/SPARSE,3,Prev India DOWN + SGX DOWN + VIX Rising
18,2.4,50.0,50.0,-4.7,29.0,71.0,0.4334,ns,UP,WEAK/SPARSE,3,Prev India DOWN + SGX DOWN + VIX Falling
38,5.1,52.6,47.4,-2.0,37.3,67.5,0.4625,ns,UP,WEAK/SPARSE,3,Prev India DOWN + SGX DOWN + VIX Spike
27,3.7,59.3,40.7,4.6,40.7,75.5,0.39,ns,DOWN,WEAK/SPARSE,3,Prev India DOWN + DAX UP + VIX Rising
64,8.7,62.5,37.5,7.8,50.3,73.3,0.1283,ns,DOWN,WEAK/SPARSE,3,Prev India DOWN + DAX UP + VIX Falling
39,5.3,53.8,46.2,-0.8,38.6,68.4,0.5209,ns,UP,WEAK/SPARSE,3,Prev India DOWN + VIX Rising + VIX Spike
213,28.8,63.4,36.6,8.7,56.7,69.6,0.0062,**,DOWN,RELIABLE,3,US UP + SGX UP + DAX UP
17,2.3,64.7,35.3,10.0,41.3,82.7,0.2808,ns,DOWN,WEAK/SPARSE,3,US UP + SGX UP + VIX Rising
163,22.1,63.8,36.2,9.1,56.2,70.8,0.0113,*,DOWN,RELIABLE,3,US UP + SGX UP + VIX Falling
46,6.2,50.0,50.0,-4.7,36.1,63.9,0.3118,ns,UP,WEAK/SPARSE,3,US UP + SGX DOWN + DAX UP
26,3.5,53.8,46.2,-0.8,35.5,71.2,0.5423,ns,UP,WEAK/SPARSE,3,US UP + SGX DOWN + VIX Falling
148,20.0,62.8,37.2,8.2,54.8,70.2,0.0272,*,DOWN,RELIABLE,3,US UP + DAX UP + VIX Falling
40,5.4,55.0,45.0,0.3,39.8,69.3,0.5483,ns,DOWN,WEAK/SPARSE,3,US DOWN + SGX UP + DAX UP
30,4.1,63.3,36.7,8.7,45.5,78.1,0.2217,ns,DOWN,WEAK/SPARSE,3,US DOWN + SGX UP + VIX Rising
14,1.9,64.3,35.7,9.6,38.8,83.7,0.3281,ns,DOWN,WEAK/SPARSE,3,US DOWN + SGX UP + VIX Falling
73,9.9,57.5,42.5,2.9,46.1,68.2,0.3554,ns,DOWN,WEAK/SPARSE,3,US DOWN + SGX DOWN + DAX UP
143,19.4,49.7,50.3,-5.0,41.6,57.7,0.1312,ns,UP,WEAK/SPARSE,3,US DOWN + SGX DOWN + VIX Rising
57,7.7,56.1,43.9,1.5,43.3,68.2,0.4658,ns,DOWN,WEAK/SPARSE,3,US DOWN + SGX DOWN + VIX Spike
55,7.4,63.6,36.4,9.0,50.4,75.1,0.1144,ns,DOWN,WEAK/SPARSE,3,US DOWN + DAX UP + VIX Rising
13,1.8,46.2,53.8,-8.5,23.2,70.9,0.3654,ns,UP,WEAK/SPARSE,3,US DOWN + DAX UP + VIX Spike
63,8.5,55.6,44.4,0.9,43.3,67.2,0.4956,ns,DOWN,WEAK/SPARSE,3,US DOWN + VIX Rising + VIX Spike
20,2.7,65.0,35.0,10.3,43.3,81.9,0.2425,ns,DOWN,WEAK/SPARSE,3,SGX UP + DAX UP + VIX Rising
136,18.4,66.2,33.8,11.5,57.9,73.6,0.0042,**,DOWN,RELIABLE,3,SGX UP + DAX UP + VIX Falling
43,5.8,62.8,37.2,8.1,47.9,75.6,0.1799,ns,DOWN,WEAK/SPARSE,3,SGX DOWN + DAX UP + VIX Rising
19,2.6,52.6,47.4,-2.0,31.7,72.7,0.5177,ns,UP,WEAK/SPARSE,3,SGX DOWN + DAX UP + VIX Falling
10,1.4,50.0,50.0,-4.7,23.7,76.3,0.5042,ns,UP,WEAK/SPARSE,3,SGX DOWN + DAX UP + VIX Spike
57,7.7,56.1,43.9,1.5,43.3,68.2,0.4658,ns,DOWN,WEAK/SPARSE,3,SGX DOWN + VIX Rising + VIX Spike
13,1.8,46.2,53.8,-8.5,23.2,70.9,0.3654,ns,UP,WEAK/SPARSE,3,DAX UP + VIX Rising + VIX Spike
30,4.1,60.0,40.0,5.3,42.3,75.4,0.3456,ns,DOWN,WEAK/SPARSE,4,Gap Up + Gap Up Strong + Prev India UP + US UP
24,3.2,62.5,37.5,7.8,42.7,78.8,0.2878,ns,DOWN,WEAK/SPARSE,4,Gap Up + Gap Up Strong + Prev India UP + SGX UP
12,1.6,50.0,50.0,-4.7,25.4,74.6,0.4825,ns,UP,WEAK/SPARSE,4,Gap Up + Gap Up Strong + Prev India UP + SGX DOWN
25,3.4,68.0,32.0,13.3,48.4,82.8,0.1269,ns,DOWN,WEAK/SPARSE,4,Gap Up + Gap Up Strong + Prev India UP + DAX UP
22,3.0,63.6,36.4,9.0,43.0,80.3,0.266,ns,DOWN,WEAK/SPARSE,4,Gap Up + Gap Up Strong + Prev India UP + VIX Falling
22,3.0,68.2,31.8,13.5,47.3,83.6,0.1445,ns,DOWN,WEAK/SPARSE,4,Gap Up + Gap Up Strong + Prev India DOWN + US UP
19,2.6,73.7,26.3,19.0,51.2,88.2,0.0736,ns,DOWN,WEAK/SPARSE,4,Gap Up + Gap Up Strong + Prev India DOWN + SGX UP
17,2.3,64.7,35.3,10.0,41.3,82.7,0.2808,ns,DOWN,WEAK/SPARSE,4,Gap Up + Gap Up Strong + Prev India DOWN + DAX UP
17,2.3,58.8,41.2,4.2,36.0,78.4,0.4632,ns,DOWN,WEAK/SPARSE,4,Gap Up + Gap Up Strong + Prev India DOWN + VIX Falling
41,5.5,68.3,31.7,13.6,53.0,80.4,0.0539,ns,DOWN,SUGGESTIVE,4,Gap Up + Gap Up Strong + US UP + SGX UP
11,1.5,45.5,54.5,-9.2,21.3,72.0,0.3754,ns,UP,WEAK/SPARSE,4,Gap Up + Gap Up Strong + US UP + SGX DOWN
39,5.3,69.2,30.8,14.6,53.6,81.4,0.0463,*,DOWN,SUGGESTIVE,4,Gap Up + Gap Up Strong + US UP + DAX UP
39,5.3,61.5,38.5,6.9,45.9,75.1,0.2427,ns,DOWN,WEAK/SPARSE,4,Gap Up + Gap Up Strong + US UP + VIX Falling
10,1.4,30.0,70.0,-24.7,10.8,60.3,0.1059,ns,UP,WEAK/SPARSE,4,Gap Up + Gap Up Strong + US DOWN + SGX DOWN
34,4.6,70.6,29.4,15.9,53.8,83.2,0.0435,*,DOWN,SUGGESTIVE,4,Gap Up + Gap Up Strong + SGX UP + DAX UP
35,4.7,65.7,34.3,11.0,49.2,79.2,0.126,ns,DOWN,WEAK/SPARSE,4,Gap Up + Gap Up Strong + SGX UP + VIX Falling
31,4.2,67.7,32.3,13.1,50.1,81.4,0.0989,ns,DOWN,SUGGESTIVE,4,Gap Up + Gap Up Strong + DAX UP + VIX Falling
117,15.8,63.2,36.8,8.6,54.2,71.4,0.0375,*,DOWN,RELIABLE,4,Gap Up + Prev India UP + US UP + SGX UP
27,3.7,48.1,51.9,-6.5,30.7,66.0,0.3118,ns,UP,WEAK/SPARSE,4,Gap Up + Prev India UP + US UP + SGX DOWN
105,14.2,62.9,37.1,8.2,53.3,71.5,0.0554,ns,DOWN,SUGGESTIVE,4,Gap Up + Prev India UP + US UP + DAX UP
84,11.4,63.1,36.9,8.4,52.4,72.6,0.0739,ns,DOWN,SUGGESTIVE,4,Gap Up + Prev India UP + US UP + VIX Falling
20,2.7,60.0,40.0,5.3,38.7,78.1,0.4026,ns,DOWN,WEAK/SPARSE,4,Gap Up + Prev India UP + US DOWN + SGX UP
26,3.5,69.2,30.8,14.6,50.0,83.5,0.0965,ns,DOWN,SUGGESTIVE,4,Gap Up + Prev India UP + US DOWN + SGX DOWN
19,2.6,84.2,15.8,29.5,62.4,94.5,0.0071,**,DOWN,WEAK/SPARSE,4,Gap Up + Prev India UP + US DOWN + DAX UP
19,2.6,73.7,26.3,19.0,51.2,88.2,0.0736,ns,DOWN,WEAK/SPARSE,4,Gap Up + Prev India UP + US DOWN + VIX Rising
100,13.5,65.0,35.0,10.3,55.3,73.6,0.0233,*,DOWN,RELIABLE,4,Gap Up + Prev India UP + SGX UP + DAX UP
82,11.1,65.9,34.1,11.2,55.1,75.2,0.0263,*,DOWN,RELIABLE,4,Gap Up + Prev India UP + SGX UP + VIX Falling
23,3.1,69.6,30.4,14.9,49.1,84.4,0.1091,ns,DOWN,WEAK/SPARSE,4,Gap Up + Prev India UP + SGX DOWN + DAX UP
15,2.0,73.3,26.7,18.7,48.0,89.1,0.1153,ns,DOWN,WEAK/SPARSE,4,Gap Up + Prev India UP + SGX DOWN + VIX Rising
10,1.4,90.0,10.0,35.3,59.6,98.2,0.0222,*,DOWN,WEAK/SPARSE,4,Gap Up + Prev India UP + DAX UP + VIX Rising
72,9.7,66.7,33.3,12.0,55.2,76.5,0.026,*,DOWN,RELIABLE,4,Gap Up + Prev India UP + DAX UP + VIX Falling
67,9.1,74.6,25.4,20.0,63.1,83.5,0.0006,***,DOWN,RELIABLE,4,Gap Up + Prev India DOWN + US UP + SGX UP
17,2.3,35.3,64.7,-19.4,17.3,58.7,0.0869,ns,UP,WEAK/SPARSE,4,Gap Up + Prev India DOWN + US UP + SGX DOWN
58,7.8,70.7,29.3,16.0,58.0,80.8,0.0093,**,DOWN,RELIABLE,4,Gap Up + Prev India DOWN + US UP + DAX UP
49,6.6,67.3,32.7,12.7,53.4,78.8,0.0493,*,DOWN,RELIABLE,4,Gap Up + Prev India DOWN + US UP + VIX Falling
21,2.8,42.9,57.1,-11.8,24.5,63.5,0.1925,ns,UP,WEAK/SPARSE,4,Gap Up + Prev India DOWN + US DOWN + SGX DOWN
11,1.5,36.4,63.6,-18.3,15.2,64.6,0.1797,ns,UP,WEAK/SPARSE,4,Gap Up + Prev India DOWN + US DOWN + DAX UP
11,1.5,45.5,54.5,-9.2,21.3,72.0,0.3754,ns,UP,WEAK/SPARSE,4,Gap Up + Prev India DOWN + US DOWN + VIX Rising
54,7.3,74.1,25.9,19.4,61.1,83.9,0.0027,**,DOWN,RELIABLE,4,Gap Up + Prev India DOWN + SGX UP + DAX UP
44,6.0,72.7,27.3,18.1,58.2,83.7,0.0109,*,DOWN,RELIABLE,4,Gap Up + Prev India DOWN + SGX UP + VIX Falling
15,2.0,33.3,66.7,-21.3,15.2,58.3,0.0808,ns,UP,WEAK/SPARSE,4,Gap Up + Prev India DOWN + SGX DOWN + DAX UP
39,5.3,71.8,28.2,17.1,56.2,83.5,0.0219,*,DOWN,SUGGESTIVE,4,Gap Up + Prev India DOWN + DAX UP + VIX Falling
138,18.7,68.1,31.9,13.4,59.9,75.3,0.0009,***,DOWN,RELIABLE,4,Gap Up + US UP + SGX UP + DAX UP
119,16.1,66.4,33.6,11.7,57.5,74.2,0.0062,**,DOWN,RELIABLE,4,Gap Up + US UP + SGX UP + VIX Falling
24,3.2,50.0,50.0,-4.7,31.4,68.6,0.3976,ns,UP,WEAK/SPARSE,4,Gap Up + US UP + SGX DOWN + DAX UP
13,1.8,46.2,53.8,-8.5,23.2,70.9,0.3654,ns,UP,WEAK/SPARSE,4,Gap Up + US UP + SGX DOWN + VIX Falling
105,14.2,66.7,33.3,12.0,57.2,75.0,0.0083,**,DOWN,RELIABLE,4,Gap Up + US UP + DAX UP + VIX Falling
16,2.2,68.8,31.2,14.1,44.4,85.8,0.1902,ns,DOWN,WEAK/SPARSE,4,Gap Up + US DOWN + SGX UP + DAX UP
14,1.9,64.3,35.7,9.6,38.8,83.7,0.3281,ns,DOWN,WEAK/SPARSE,4,Gap Up + US DOWN + SGX DOWN + DAX UP
22,3.0,59.1,40.9,4.4,38.7,76.7,0.4226,ns,DOWN,WEAK/SPARSE,4,Gap Up + US DOWN + SGX DOWN + VIX Rising
11,1.5,90.9,9.1,36.2,62.3,98.4,0.0132,*,DOWN,WEAK/SPARSE,4,Gap Up + US DOWN + DAX UP + VIX Rising
100,13.5,70.0,30.0,15.3,60.4,78.1,0.0012,**,DOWN,RELIABLE,4,Gap Up + SGX UP + DAX UP + VIX Falling
10,1.4,50.0,50.0,-4.7,23.7,76.3,0.5042,ns,UP,WEAK/SPARSE,4,Gap Up + SGX DOWN + DAX UP + VIX Falling
22,3.0,63.6,36.4,9.0,43.0,80.3,0.266,ns,DOWN,WEAK/SPARSE,4,Gap Up Strong + Prev India UP + US UP + SGX UP
24,3.2,66.7,33.3,12.0,46.7,82.0,0.1648,ns,DOWN,WEAK/SPARSE,4,Gap Up Strong + Prev India UP + US UP + DAX UP
22,3.0,63.6,36.4,9.0,43.0,80.3,0.266,ns,DOWN,WEAK/SPARSE,4,Gap Up Strong + Prev India UP + US UP + VIX Falling
20,2.7,65.0,35.0,10.3,43.3,81.9,0.2425,ns,DOWN,WEAK/SPARSE,4,Gap Up Strong + Prev India UP + SGX UP + DAX UP
20,2.7,65.0,35.0,10.3,43.3,81.9,0.2425,ns,DOWN,WEAK/SPARSE,4,Gap Up Strong + Prev India UP + SGX UP + VIX Falling
19,2.6,68.4,31.6,13.8,46.0,84.6,0.1653,ns,DOWN,WEAK/SPARSE,4,Gap Up Strong + Prev India UP + DAX UP + VIX Falling
19,2.6,73.7,26.3,19.0,51.2,88.2,0.0736,ns,DOWN,WEAK/SPARSE,4,Gap Up Strong + Prev India DOWN + US UP + SGX UP
15,2.0,73.3,26.7,18.7,48.0,89.1,0.1153,ns,DOWN,WEAK/SPARSE,4,Gap Up Strong + Prev India DOWN + US UP + DAX UP
17,2.3,58.8,41.2,4.2,36.0,78.4,0.4632,ns,DOWN,WEAK/SPARSE,4,Gap Up Strong + Prev India DOWN + US UP + VIX Falling
14,1.9,78.6,21.4,23.9,52.4,92.4,0.0602,ns,DOWN,WEAK/SPARSE,4,Gap Up Strong + Prev India DOWN + SGX UP + DAX UP
15,2.0,66.7,33.3,12.0,41.7,84.8,0.2524,ns,DOWN,WEAK/SPARSE,4,Gap Up Strong + Prev India DOWN + SGX UP + VIX Falling
12,1.6,66.7,33.3,12.0,39.1,86.2,0.2963,ns,DOWN,WEAK/SPARSE,4,Gap Up Strong + Prev India DOWN + DAX UP + VIX Falling
34,4.6,70.6,29.4,15.9,53.8,83.2,0.0435,*,DOWN,SUGGESTIVE,4,Gap Up Strong + US UP + SGX UP + DAX UP
35,4.7,65.7,34.3,11.0,49.2,79.2,0.126,ns,DOWN,WEAK/SPARSE,4,Gap Up Strong + US UP + SGX UP + VIX Falling
31,4.2,67.7,32.3,13.1,50.1,81.4,0.0989,ns,DOWN,SUGGESTIVE,4,Gap Up Strong + US UP + DAX UP + VIX Falling
29,3.9,69.0,31.0,14.3,50.8,82.7,0.0856,ns,DOWN,SUGGESTIVE,4,Gap Up Strong + SGX UP + DAX UP + VIX Falling
14,1.9,28.6,71.4,-26.1,11.7,54.6,0.045,*,UP,WEAK/SPARSE,4,Gap Down + Prev India UP + US UP + SGX UP
11,1.5,36.4,63.6,-18.3,15.2,64.6,0.1797,ns,UP,WEAK/SPARSE,4,Gap Down + Prev India UP + US UP + DAX UP
31,4.2,45.2,54.8,-9.5,29.2,62.2,0.1884,ns,UP,WEAK/SPARSE,4,Gap Down + Prev India UP + US DOWN + SGX DOWN
14,1.9,42.9,57.1,-11.8,21.4,67.4,0.2669,ns,UP,WEAK/SPARSE,4,Gap Down + Prev India UP + US DOWN + DAX UP
30,4.1,46.7,53.3,-8.0,30.2,63.9,0.2423,ns,UP,WEAK/SPARSE,4,Gap Down + Prev India UP + US DOWN + VIX Rising
17,2.3,47.1,52.9,-7.6,26.2,69.0,0.3477,ns,UP,WEAK/SPARSE,4,Gap Down + Prev India UP + US DOWN + VIX Spike
13,1.8,38.5,61.5,-16.2,17.7,64.5,0.1853,ns,UP,WEAK/SPARSE,4,Gap Down + Prev India UP + SGX UP + DAX UP
12,1.6,41.7,58.3,-13.0,19.3,68.0,0.2684,ns,UP,WEAK/SPARSE,4,Gap Down + Prev India UP + SGX DOWN + DAX UP
25,3.4,48.0,52.0,-6.7,30.0,66.5,0.3183,ns,UP,WEAK/SPARSE,4,Gap Down + Prev India UP + SGX DOWN + VIX Rising
13,1.8,53.8,46.2,-0.8,29.1,76.8,0.5828,ns,UP,WEAK/SPARSE,4,Gap Down + Prev India UP + SGX DOWN + VIX Spike
17,2.3,47.1,52.9,-7.6,26.2,69.0,0.3477,ns,UP,WEAK/SPARSE,4,Gap Down + Prev India UP + VIX Rising + VIX Spike
10,1.4,10.0,90.0,-44.7,1.8,40.4,0.0048,**,UP,WEAK/SPARSE,4,Gap Down + Prev India DOWN + US UP + SGX UP
13,1.8,15.4,84.6,-39.3,4.3,42.2,0.0044,**,UP,WEAK/SPARSE,4,Gap Down + Prev India DOWN + US UP + SGX DOWN
11,1.5,9.1,90.9,-45.6,1.6,37.7,0.0024,**,UP,WEAK/SPARSE,4,Gap Down + Prev India DOWN + US UP + DAX UP
65,8.8,50.8,49.2,-3.9,38.9,62.5,0.3053,ns,UP,WEAK/SPARSE,4,Gap Down + Prev India DOWN + US DOWN + SGX DOWN
18,2.4,61.1,38.9,6.4,38.6,79.7,0.3805,ns,DOWN,WEAK/SPARSE,4,Gap Down + Prev India DOWN + US DOWN + DAX UP
55,7.4,47.3,52.7,-7.4,34.7,60.2,0.1669,ns,UP,WEAK/SPARSE,4,Gap Down + Prev India DOWN + US DOWN + VIX Rising
23,3.1,47.8,52.2,-6.8,29.2,67.0,0.325,ns,UP,WEAK/SPARSE,4,Gap Down + Prev India DOWN + US DOWN + VIX Spike
11,1.5,18.2,81.8,-36.5,5.1,47.7,0.0157,*,UP,WEAK/SPARSE,4,Gap Down + Prev India DOWN + SGX UP + DAX UP
17,2.3,58.8,41.2,4.2,36.0,78.4,0.4632,ns,DOWN,WEAK/SPARSE,4,Gap Down + Prev India DOWN + SGX DOWN + DAX UP
50,6.8,48.0,52.0,-6.7,34.8,61.5,0.21,ns,UP,WEAK/SPARSE,4,Gap Down + Prev India DOWN + SGX DOWN + VIX Rising
23,3.1,47.8,52.2,-6.8,29.2,67.0,0.325,ns,UP,WEAK/SPARSE,4,Gap Down + Prev India DOWN + SGX DOWN + VIX Spike
14,1.9,50.0,50.0,-4.7,26.8,73.2,0.464,ns,UP,WEAK/SPARSE,4,Gap Down + Prev India DOWN + DAX UP + VIX Rising
23,3.1,47.8,52.2,-6.8,29.2,67.0,0.325,ns,UP,WEAK/SPARSE,4,Gap Down + Prev India DOWN + VIX Rising + VIX Spike
16,2.2,18.8,81.2,-35.9,6.6,43.0,0.0037,**,UP,WEAK/SPARSE,4,Gap Down + US UP + SGX UP + DAX UP
12,1.6,25.0,75.0,-29.7,8.9,53.2,0.0374,*,UP,WEAK/SPARSE,4,Gap Down + US UP + DAX UP + VIX Falling
10,1.4,30.0,70.0,-24.7,10.8,60.3,0.1059,ns,UP,WEAK/SPARSE,4,Gap Down + US DOWN + SGX UP + VIX Rising
25,3.4,52.0,48.0,-2.7,33.5,70.0,0.4708,ns,UP,WEAK/SPARSE,4,Gap Down + US DOWN + SGX DOWN + DAX UP
74,10.0,48.6,51.4,-6.0,37.6,59.8,0.1778,ns,UP,WEAK/SPARSE,4,Gap Down + US DOWN + SGX DOWN + VIX Rising
36,4.9,50.0,50.0,-4.7,34.5,65.5,0.345,ns,UP,WEAK/SPARSE,4,Gap Down + US DOWN + SGX DOWN + VIX Spike
21,2.8,47.6,52.4,-7.0,28.3,67.6,0.3322,ns,UP,WEAK/SPARSE,4,Gap Down + US DOWN + DAX UP + VIX Rising
40,5.4,47.5,52.5,-7.2,32.9,62.5,0.2256,ns,UP,WEAK/SPARSE,4,Gap Down + US DOWN + VIX Rising + VIX Spike
16,2.2,56.2,43.8,1.6,33.2,76.9,0.5522,ns,DOWN,WEAK/SPARSE,4,Gap Down + SGX DOWN + DAX UP + VIX Rising
36,4.9,50.0,50.0,-4.7,34.5,65.5,0.345,ns,UP,WEAK/SPARSE,4,Gap Down + SGX DOWN + VIX Rising + VIX Spike
132,17.9,61.4,38.6,6.7,52.8,69.2,0.0719,ns,DOWN,SUGGESTIVE,4,Prev India UP + US UP + SGX UP + DAX UP
99,13.4,64.6,35.4,10.0,54.8,73.4,0.0283,*,DOWN,RELIABLE,4,Prev India UP + US UP + SGX UP + VIX Falling
24,3.2,58.3,41.7,3.7,38.8,75.5,0.4409,ns,DOWN,WEAK/SPARSE,4,Prev India UP + US UP + SGX DOWN + DAX UP
11,1.5,63.6,36.4,9.0,35.4,84.8,0.3885,ns,DOWN,WEAK/SPARSE,4,Prev India UP + US UP + SGX DOWN + VIX Falling
86,11.6,64.0,36.0,9.3,53.4,73.3,0.0516,ns,DOWN,SUGGESTIVE,4,Prev India UP + US UP + DAX UP + VIX Falling
24,3.2,66.7,33.3,12.0,46.7,82.0,0.1648,ns,DOWN,WEAK/SPARSE,4,Prev India UP + US DOWN + SGX UP + DAX UP
17,2.3,64.7,35.3,10.0,41.3,82.7,0.2808,ns,DOWN,WEAK/SPARSE,4,Prev India UP + US DOWN + SGX UP + VIX Rising
41,5.5,61.0,39.0,6.3,45.7,74.3,0.2576,ns,DOWN,WEAK/SPARSE,4,Prev India UP + US DOWN + SGX DOWN + DAX UP
61,8.3,50.8,49.2,-3.8,38.6,62.9,0.3164,ns,UP,WEAK/SPARSE,4,Prev India UP + US DOWN + SGX DOWN + VIX Rising
19,2.6,63.2,36.8,8.5,41.0,80.9,0.3066,ns,DOWN,WEAK/SPARSE,4,Prev India UP + US DOWN + SGX DOWN + VIX Spike
32,4.3,65.6,34.4,11.0,48.3,79.6,0.1426,ns,DOWN,WEAK/SPARSE,4,Prev India UP + US DOWN + DAX UP + VIX Rising
24,3.2,58.3,41.7,3.7,38.8,75.5,0.4409,ns,DOWN,WEAK/SPARSE,4,Prev India UP + US DOWN + VIX Rising + VIX Spike
11,1.5,72.7,27.3,18.1,43.4,90.3,0.1851,ns,DOWN,WEAK/SPARSE,4,Prev India UP + SGX UP + DAX UP + VIX Rising
84,11.4,66.7,33.3,12.0,56.1,75.8,0.0171,*,DOWN,RELIABLE,4,Prev India UP + SGX UP + DAX UP + VIX Falling
25,3.4,64.0,36.0,9.3,44.5,79.8,0.232,ns,DOWN,WEAK/SPARSE,4,Prev India UP + SGX DOWN + DAX UP + VIX Rising
19,2.6,63.2,36.8,8.5,41.0,80.9,0.3066,ns,DOWN,WEAK/SPARSE,4,Prev India UP + SGX DOWN + VIX Rising + VIX Spike
81,11.0,66.7,33.3,12.0,55.9,76.0,0.0189,*,DOWN,RELIABLE,4,Prev India DOWN + US UP + SGX UP + DAX UP
10,1.4,50.0,50.0,-4.7,23.7,76.3,0.5042,ns,UP,WEAK/SPARSE,4,Prev India DOWN + US UP + SGX UP + VIX Rising
64,8.7,62.5,37.5,7.8,50.3,73.3,0.1283,ns,DOWN,WEAK/SPARSE,4,Prev India DOWN + US UP + SGX UP + VIX Falling
22,3.0,40.9,59.1,-13.8,23.3,61.3,0.1397,ns,UP,WEAK/SPARSE,4,Prev India DOWN + US UP + SGX DOWN + DAX UP
15,2.0,46.7,53.3,-8.0,24.8,69.9,0.3562,ns,UP,WEAK/SPARSE,4,Prev India DOWN + US UP + SGX DOWN + VIX Falling
62,8.4,61.3,38.7,6.6,48.8,72.4,0.179,ns,DOWN,WEAK/SPARSE,4,Prev India DOWN + US UP + DAX UP + VIX Falling
16,2.2,37.5,62.5,-17.2,18.5,61.4,0.1297,ns,UP,WEAK/SPARSE,4,Prev India DOWN + US DOWN + SGX UP + DAX UP
13,1.8,61.5,38.5,6.9,35.5,82.3,0.4172,ns,DOWN,WEAK/SPARSE,4,Prev India DOWN + US DOWN + SGX UP + VIX Rising
31,4.2,54.8,45.2,0.2,37.8,70.8,0.5661,ns,DOWN,WEAK/SPARSE,4,Prev India DOWN + US DOWN + SGX DOWN + DAX UP
82,11.1,48.8,51.2,-5.9,38.3,59.4,0.1684,ns,UP,WEAK/SPARSE,4,Prev India DOWN + US DOWN + SGX DOWN + VIX Rising
38,5.1,52.6,47.4,-2.0,37.3,67.5,0.4625,ns,UP,WEAK/SPARSE,4,Prev India DOWN + US DOWN + SGX DOWN + VIX Spike
23,3.1,60.9,39.1,6.2,40.8,77.8,0.3516,ns,DOWN,WEAK/SPARSE,4,Prev India DOWN + US DOWN + DAX UP + VIX Rising
39,5.3,53.8,46.2,-0.8,38.6,68.4,0.5209,ns,UP,WEAK/SPARSE,4,Prev India DOWN + US DOWN + VIX Rising + VIX Spike
52,7.0,65.4,34.6,10.7,51.8,76.8,0.0778,ns,DOWN,SUGGESTIVE,4,Prev India DOWN + SGX UP + DAX UP + VIX Falling
18,2.4,61.1,38.9,6.4,38.6,79.7,0.3805,ns,DOWN,WEAK/SPARSE,4,Prev India DOWN + SGX DOWN + DAX UP + VIX Rising
11,1.5,54.5,45.5,-0.1,28.0,78.7,0.6115,ns,UP,WEAK/SPARSE,4,Prev India DOWN + SGX DOWN + DAX UP + VIX Falling
38,5.1,52.6,47.4,-2.0,37.3,67.5,0.4625,ns,UP,WEAK/SPARSE,4,Prev India DOWN + SGX DOWN + VIX Rising + VIX Spike
129,17.5,64.3,35.7,9.7,55.8,72.1,0.0165,*,DOWN,RELIABLE,4,US UP + SGX UP + DAX UP + VIX Falling
17,2.3,52.9,47.1,-1.7,31.0,73.8,0.5368,ns,UP,WEAK/SPARSE,4,US UP + SGX DOWN + DAX UP + VIX Falling
14,1.9,71.4,28.6,16.8,45.4,88.3,0.161,ns,DOWN,WEAK/SPARSE,4,US DOWN + SGX UP + DAX UP + VIX Rising
41,5.5,61.0,39.0,6.3,45.7,74.3,0.2576,ns,DOWN,WEAK/SPARSE,4,US DOWN + SGX DOWN + DAX UP + VIX Rising
10,1.4,50.0,50.0,-4.7,23.7,76.3,0.5042,ns,UP,WEAK/SPARSE,4,US DOWN + SGX DOWN + DAX UP + VIX Spike
57,7.7,56.1,43.9,1.5,43.3,68.2,0.4658,ns,DOWN,WEAK/SPARSE,4,US DOWN + SGX DOWN + VIX Rising + VIX Spike
13,1.8,46.2,53.8,-8.5,23.2,70.9,0.3654,ns,UP,WEAK/SPARSE,4,US DOWN + DAX UP + VIX Rising + VIX Spike
10,1.4,50.0,50.0,-4.7,23.7,76.3,0.5042,ns,UP,WEAK/SPARSE,4,SGX DOWN + DAX UP + VIX Rising + VIX Spike
